-- MySQL dump 10.13  Distrib 8.0.19, for Win64 (x86_64)
--
-- Host: localhost    Database: tms_demo1
-- ------------------------------------------------------
-- Server version	8.0.19

/*!40101 SET @OLD_CHARACTER_SET_CLIENT=@@CHARACTER_SET_CLIENT */;
/*!40101 SET @OLD_CHARACTER_SET_RESULTS=@@CHARACTER_SET_RESULTS */;
/*!40101 SET @OLD_COLLATION_CONNECTION=@@COLLATION_CONNECTION */;
/*!50503 SET NAMES utf8 */;
/*!40103 SET @OLD_TIME_ZONE=@@TIME_ZONE */;
/*!40103 SET TIME_ZONE='+00:00' */;
/*!40014 SET @OLD_UNIQUE_CHECKS=@@UNIQUE_CHECKS, UNIQUE_CHECKS=0 */;
/*!40014 SET @OLD_FOREIGN_KEY_CHECKS=@@FOREIGN_KEY_CHECKS, FOREIGN_KEY_CHECKS=0 */;
/*!40101 SET @OLD_SQL_MODE=@@SQL_MODE, SQL_MODE='NO_AUTO_VALUE_ON_ZERO' */;
/*!40111 SET @OLD_SQL_NOTES=@@SQL_NOTES, SQL_NOTES=0 */;

--
-- Table structure for table `dbo_cart`
--

DROP TABLE IF EXISTS `dbo_cart`;
/*!40101 SET @saved_cs_client     = @@character_set_client */;
/*!50503 SET character_set_client = utf8mb4 */;
CREATE TABLE `dbo_cart` (
  `cart_id` int NOT NULL AUTO_INCREMENT,
  `guid` varchar(255) CHARACTER SET utf8 COLLATE utf8_unicode_ci DEFAULT NULL,
  `user_name` varchar(255) CHARACTER SET utf8 COLLATE utf8_unicode_ci DEFAULT NULL,
  `created_date` datetime DEFAULT NULL,
  PRIMARY KEY (`cart_id`) USING BTREE
) ENGINE=InnoDB AUTO_INCREMENT=1452 DEFAULT CHARSET=utf8 COLLATE=utf8_unicode_ci ROW_FORMAT=DYNAMIC;
/*!40101 SET character_set_client = @saved_cs_client */;

--
-- Dumping data for table `dbo_cart`
--

LOCK TABLES `dbo_cart` WRITE;
/*!40000 ALTER TABLE `dbo_cart` DISABLE KEYS */;
INSERT INTO `dbo_cart` VALUES (1037,'c4e94571-0447-4bcf-b3f2-83c92f84be1f',NULL,NULL),(1038,'a9bb12ec-373b-40db-9a8e-b0667d1a138e','Dao',NULL),(1039,'359b9fa9-f451-4060-ade4-1a8d169147cd',NULL,NULL),(1040,'71865363-69ba-4fe1-abe7-ab9cb777b5ee',NULL,NULL),(1041,'1edd8403-8ba2-4ffe-b4b1-22e284e08703',NULL,NULL),(1042,'e0bee477-82ff-4d02-9fa8-fa2d71556ca0',NULL,NULL),(1043,'6dfb523e-435c-4bf7-ad60-b9286e55efe6',NULL,NULL),(1044,'03590eac-d281-4328-9ebc-bea85ff9c2cf',NULL,NULL),(1045,'61bf1c66-89d3-465e-995f-8b42ad670ef3','Dao1',NULL),(1046,'d49e7d10-1150-4bef-9265-3647743aec9f',NULL,NULL),(1047,'e0520b4a-df2a-4219-9d7e-8543fddc3cf8','Dao2',NULL),(1048,'622b7716-953a-45e0-8503-79e6ddb5f812',NULL,NULL),(1049,'b6ee4a2b-2baf-4f5b-a339-e72a892c2ec1','Dao3',NULL),(1050,'4603384f-531b-43b7-8a82-82ea537968dd',NULL,NULL),(1051,'607ce501-560d-4c56-ba66-c5101df9f790',NULL,NULL),(1052,'487e1dfe-22bc-4184-aa65-e47f88d91c83',NULL,NULL),(1053,'045702c4-0a24-44b9-b0ce-da427ac1cc96',NULL,NULL),(1054,'fe13ba27-c0f7-40ee-8a60-55b1211a6a6b',NULL,NULL),(1055,'95354633-9857-4517-824d-2cfdbbb5efa6',NULL,NULL),(1056,'316a8338-1ea5-4b5c-9ef0-4ef3359440a4',NULL,NULL),(1057,'af21b497-de42-4e57-87fd-ea100033ee68',NULL,NULL),(1058,'f08c7f8f-a6fa-43b4-99f8-8d98f1a51877',NULL,NULL),(1059,'089ceef1-0552-4c5c-b2ec-f1056ae6e5d2',NULL,NULL),(1060,'c32449bc-36cd-41a4-b7ac-36da633c9bce',NULL,NULL),(1061,'5a331459-73eb-4d78-aa64-1c5e8620d3c7',NULL,NULL),(1062,'d66d9f72-0bdf-449c-9b17-e60e0cefa9f0',NULL,NULL),(1064,'0ba62d4e-0766-4b77-8065-7aef156817de',NULL,NULL),(1065,'a33dea73-2c6d-4a13-bc9b-ff31bfc45013',NULL,NULL),(1066,'79969855-e6a4-41ef-9cde-a8adaf80b49a',NULL,NULL),(1067,'924efde9-49d9-4e47-8cac-876944d637b7',NULL,NULL),(1068,'6360ea14-f396-4445-a6b1-8adaa1696c64',NULL,NULL),(1069,'3a4ca8b4-546c-4725-b81a-bb62f728f27e',NULL,NULL),(1070,'cfa372d5-a1d5-4a7b-9bac-52a67291f576',NULL,NULL),(1071,'fff9100f-3402-4d72-b91a-0693d8b90731',NULL,NULL),(1072,'b04eba49-25bc-49c7-ab50-f8b497577b14',NULL,NULL),(1073,'3f50ea36-5730-4ec8-90d7-711545b4ccae',NULL,NULL),(1074,'cd4529c9-1ee4-477d-af02-7059dcd3da8a',NULL,NULL),(1075,'52b14e8a-0064-4632-b84d-375f4ac2d18e',NULL,NULL),(1076,'9ba8af5a-99b3-4706-bf20-a699af458c9b',NULL,NULL),(1077,'9c2e7771-f4f9-42aa-8fd0-8f0d1ff1313f',NULL,NULL),(1078,'d433efbd-37f0-4f84-9f9d-c213e5de2eeb',NULL,NULL),(1079,'e10d0c6b-7d7c-4e06-8e7b-fe513bfd036b','Dao5',NULL),(1080,'c68779d7-2ec1-44a3-a33d-43c2284ab802',NULL,NULL),(1081,'4f19a567-7f42-4eb2-99c6-3e0a9df69841',NULL,NULL),(1082,'9f36cbae-e05f-4b26-9305-0e3e6df4f622',NULL,NULL),(1083,'4cf18f61-c542-4991-a818-492d24f00994','trung',NULL),(1084,'60531d7d-9b1a-47e0-a6c5-545965252825',NULL,NULL),(1085,'02264489-3072-4960-8821-6acb461ab9e1',NULL,NULL),(1086,'fb70b349-96ca-4ecb-8fca-4f79659d4bb4',NULL,NULL),(1087,'4ab2632a-8d3e-4429-b90a-a1f7bd20ebb0',NULL,NULL),(1088,'01456625-e6d4-4beb-a1b8-9a7f63a039cd',NULL,NULL),(1089,'cc41b06c-3442-45e6-b967-583ec643b818',NULL,NULL),(1090,'753a73d2-b6d7-4595-b6d0-0c803f93c551',NULL,NULL),(1091,'f4af1097-1d91-405b-92fc-13820a54b056','Dao7',NULL),(1092,'5ebf6d84-8021-45b1-bf26-0ee3f5934ee7',NULL,NULL),(1093,'00647964-79e3-43c3-9cbf-2e51228b39e9',NULL,NULL),(1094,'01ba369f-6856-4869-84db-bb6198e4c70b',NULL,NULL),(1095,'45275212-07d6-47fb-baaf-5523e3376df2',NULL,NULL),(1096,'8744ab59-367c-4c3c-8ee0-67ddcbb6b36a',NULL,NULL),(1097,'ad711578-05e7-46e4-9d0a-be670ec7b196',NULL,NULL),(1098,'8975e3b2-1215-448e-be73-84b1db715d48',NULL,NULL),(1099,'8a88ab61-4aec-44e5-9fc9-5d29d139e32d',NULL,NULL),(1100,'03dfc72b-269b-4f4c-a467-b3b490ee2a40','Dao8',NULL),(1101,'2ac821b7-5483-4809-bf20-37096507fdc5',NULL,NULL),(1102,'5de098f7-4f0c-4d61-bcca-eb689e37440c',NULL,NULL),(1103,'aee88e9c-18bd-4313-9c71-58988966651d',NULL,NULL),(1104,'66f53add-b6eb-421f-af62-6518955e399c',NULL,NULL),(1105,'ee318bfc-6a4a-4234-9736-19637b344a7f',NULL,NULL),(1106,'08c479ba-adb9-4a6e-9192-f857d6a91cd2',NULL,NULL),(1107,'7b76ced9-c01e-4bf9-b586-a98cd6b85aca',NULL,NULL),(1108,'f4cb6ca6-33e7-4cdc-bb63-4c63b455e34b',NULL,NULL),(1109,'0d9aea99-64b3-4de2-8d67-2193a6e774d8',NULL,NULL),(1110,'e50d3dfa-f628-4a39-b083-76d6c1835019',NULL,NULL),(1111,'34613b05-4e43-4d78-acca-a91436a305aa',NULL,NULL),(1112,'11b92dd4-7ab4-45b8-9f77-c62d1a416c1d',NULL,NULL),(1113,'68b68c3d-42e4-43b0-86fa-91fdcd590430',NULL,NULL),(1114,'ff66a0d4-96a1-4165-8f98-17ab20af7e9c',NULL,NULL),(1115,'7adb7d49-193b-4fbd-a06e-50267d7f6b11',NULL,NULL),(1116,'0a83871d-6fbd-404b-9088-cece479922e4',NULL,NULL),(1117,'05c5bf20-b635-416b-86d8-8bef7b020438',NULL,NULL),(1118,'666c65c5-395c-486e-9059-db48714b6012',NULL,NULL),(1119,'ee4c8259-1426-4b9c-b6fc-71d3df890c38',NULL,NULL),(1120,'d79be706-f6b0-4b9e-8445-ec6cb4c4b92d',NULL,NULL),(1121,'ecec03e0-3771-4d49-ac13-289b5aa4eb2c',NULL,NULL),(1122,'78b5d205-98da-4e3f-b31e-00d50df07fa7',NULL,NULL),(1123,'472d75d3-9073-4ea9-bffc-3cd37e6d242c',NULL,NULL),(1124,'88ad5b34-f104-41d2-b313-65fa006f8f46',NULL,NULL),(1125,'95295e1f-0786-4168-919d-d62283b998a9',NULL,NULL),(1126,'a0c66be3-03c4-4486-bbda-8652e330d23e',NULL,NULL),(1127,'bdb79227-daf4-441b-8b3a-2aa51946140f',NULL,NULL),(1128,'02b34efe-5704-42a6-abf8-6ddb3d66916d',NULL,NULL),(1129,'4ff29c7c-59e9-47e3-876e-816792a471c9',NULL,NULL),(1130,'5f74051c-3ad1-4f74-95e3-97935ad608a8',NULL,NULL),(1131,'2216e9d7-398a-4599-934c-2a5aad43b9cc',NULL,NULL),(1132,'9ac02adb-03e3-4977-982e-194e5a7774a0',NULL,NULL),(1133,'655a74d1-3002-4590-b186-3ab8ab335baf',NULL,NULL),(1135,'7de2b768-c8b1-4d1a-8f8c-925f98b7466b',NULL,NULL),(1136,'ea511f15-de87-4d62-a97f-4cf0d7ad6596',NULL,NULL),(1137,'b72db2df-1930-430f-8d5c-cfcdafaecfa1',NULL,NULL),(1138,'f7afe30e-50eb-4ba8-9f46-680fbbf5a51a',NULL,NULL),(1139,'b59fb93b-4835-454e-a64e-fb14a22a4fdd',NULL,NULL),(1140,'68f98c1d-13d8-4c47-bc5b-8cce7e49b2d9',NULL,NULL),(1141,'bd1be7f0-54a4-419d-8c1a-04b1fe9c291e',NULL,NULL),(1142,'5ad9ca69-abfa-43cd-baed-1c0eae2b7e9e',NULL,NULL),(1143,'6642ed4a-6fb5-41d4-9fa4-848dabcf7c73',NULL,NULL),(1144,'9727fde3-9d9d-429a-b128-36165c4e4ecb',NULL,NULL),(1145,'2a99beee-dc89-4ff5-8511-442db19f922a',NULL,NULL),(1146,'14c5bd0d-d247-4684-8504-bca8a84f222e',NULL,NULL),(1147,'b693f1d6-c070-447d-9509-da5a318bafbc',NULL,NULL),(1148,'45237dd6-2a2a-426e-ae07-96149f67b912',NULL,NULL),(1149,'7e2e3a0f-b9d8-440f-8b28-dfe083d2e296',NULL,NULL),(1150,'d25554de-5adc-474b-a6a8-b308cd0bf23d',NULL,NULL),(1151,'77de28c3-3af4-48b5-98c5-ba0e15d5044e',NULL,NULL),(1152,'e5bfe1ed-45ea-4d80-ae03-6780f7a0f54e',NULL,NULL),(1153,'c3748b8a-9ef0-472a-ac16-7e494c4c35a4',NULL,NULL),(1154,'941885cf-40c7-4d6d-94a3-a1e254db02b5',NULL,NULL),(1155,'c6c8f256-e308-4e5e-9219-50f843d3f5da',NULL,NULL),(1156,'ce088c2d-6944-40d0-a5bc-fa726ce4fa3e',NULL,NULL),(1159,'728d0fba-bd37-4615-a834-614a1e27a857',NULL,NULL),(1160,'2c240654-f1da-40b6-831e-e18370abee46',NULL,NULL),(1161,'254e34cb-c7ba-47af-9a35-a8f42981b6ad',NULL,NULL),(1162,'25f07ca1-21cf-4954-81b3-b5851e9fbf84',NULL,NULL),(1163,'a1549f06-e935-49a3-82a0-0d064a92a5f6',NULL,NULL),(1164,'814da72c-11fd-4853-a17b-1a8451af5fb9',NULL,NULL),(1165,'a86f6241-b75e-43d9-821a-7ba393cd2c58',NULL,NULL),(1166,'10b993db-2933-4d22-9d3a-d8fc9783720c',NULL,NULL),(1167,'dae26ca2-f978-488a-bc86-63290ebb9605',NULL,NULL),(1168,'fd56b271-7126-4881-ae96-0b2b89f40208',NULL,NULL),(1169,'348f6395-825c-48e3-ade5-a1851fa76b1f',NULL,NULL),(1170,'42f9bc24-c992-40c5-8742-96f2e875a7de',NULL,NULL),(1171,'261e308e-8b49-420e-aebe-75d967c39843',NULL,NULL),(1172,'66e51434-62ac-4462-91d2-15a65cec4220',NULL,NULL),(1173,'773b6922-dbc9-4ae8-8b28-62e6f7b63084',NULL,NULL),(1174,'6304daaa-28f6-4bbc-a4d4-818e1851d2c9',NULL,NULL),(1175,'bfb57f81-4b8f-451a-9556-7a499c5bdaa1',NULL,NULL),(1176,'df1236b8-0a3a-412f-9fe7-b1eee96f1f46',NULL,NULL),(1177,'907d362b-3802-4820-9259-af9146c9bef8',NULL,NULL),(1178,'b127523d-ad0d-4d1c-b6ce-4bbc5d8cb20e',NULL,NULL),(1179,'ef494db8-5e24-4ba5-940e-8a4a43429301',NULL,NULL),(1180,'92e38717-b268-4f66-a3fb-c967343962a0',NULL,NULL),(1181,'62920024-7e3b-4937-be24-731380c5716d',NULL,NULL),(1182,'ba61cad6-2d7e-4753-9f7f-e06edd06881a',NULL,NULL),(1183,'4d931838-7d40-4836-9392-1389d10a7afb',NULL,NULL),(1184,'bfd26d4e-d8ce-4bc2-bb47-baef5ca0a872',NULL,NULL),(1186,'126bba0a-e223-4c42-b1bd-8fa1409cede6',NULL,NULL),(1187,'e134d5ea-3d80-4936-bd76-911e688347ee',NULL,NULL),(1188,'b85f91e0-0a37-439b-b5b0-2133713523d8',NULL,NULL),(1189,'df666b2d-4d9b-4a73-adb1-41a4c777e65e',NULL,NULL),(1190,'91e47d3b-0497-478e-903b-4a51a698c5ec',NULL,NULL),(1191,'cfb55af0-d025-457c-af4b-54f66c3067c4',NULL,NULL),(1192,'75422685-1b57-4d6d-aeed-9ab2d652f916',NULL,NULL),(1193,'abc24751-d98e-4059-9b69-6187700b32c7',NULL,NULL),(1194,'5815511d-2c4b-4228-89b0-63c50c31bcc4',NULL,NULL),(1195,'077a6447-49d4-42c2-9226-701e554b7665',NULL,NULL),(1196,'f45b0399-b984-40d0-8701-2837edde7af3',NULL,NULL),(1197,'8a33963f-8b15-4429-9056-40f68b089cc8',NULL,NULL),(1198,'74224531-131c-40a8-b54d-d1ce462b750a',NULL,NULL),(1199,'77080563-3f3f-40e1-aa03-5ec824273ff3',NULL,NULL),(1200,'be5d81d2-27c7-4581-8078-9184ff8b6965',NULL,NULL),(1201,'d80aad94-62c9-491b-ab83-22df352b066c',NULL,NULL),(1202,'d15612b7-eacb-4162-ab6a-b3142fa473d9',NULL,NULL),(1203,'bfd34c7e-def7-4f9a-92df-93a72864546f',NULL,NULL),(1204,'032b8765-3e99-445e-90b6-d418e52f5ca2',NULL,NULL),(1205,'4274c9c3-692a-42c3-abba-0983abfb88fc',NULL,NULL),(1206,'9bbd6c10-0843-4429-b1b7-189ebc55e0fa',NULL,NULL),(1207,'38f162cc-b854-4744-a910-5bce477ae872',NULL,NULL),(1208,'0239baa0-5bfb-4dc4-a950-63f1b1110d41',NULL,NULL),(1209,'06025387-c61e-40b3-9c82-b5e9c90f3ca0',NULL,NULL),(1210,'77e6b7a3-e01f-452b-ba8e-f0614f8f8300',NULL,NULL),(1211,'6c9dc92b-ac15-4619-a6d7-995989800f57',NULL,NULL),(1212,'7d701fd2-120f-4df6-b51e-d18084034c23',NULL,NULL),(1213,'7293a8cd-1ec4-4e26-b244-ec11ef2f6520',NULL,NULL),(1214,'08727804-62d2-4b6f-9abb-0c7d464aeb55',NULL,NULL),(1215,'b66947b5-830c-4b69-9f02-4ff6ca6626ef',NULL,NULL),(1216,'1afcc9c8-14fb-49fb-9256-9ad73479c0dc',NULL,NULL),(1217,'67432a99-b694-4055-b59f-e71f3edf792a',NULL,NULL),(1218,'b92181ef-3d52-46d2-9a6a-72901ad35d6e',NULL,NULL),(1219,'5a810667-c526-43bf-8939-aef724184767',NULL,NULL),(1220,'1f4974b0-0ae9-4198-aa5e-30deaf2c275a',NULL,NULL),(1221,'97154544-71e7-40ca-a7f3-1715b66899cb',NULL,NULL),(1222,'1d3c10df-2cac-4484-9865-2bcda55c06f8',NULL,NULL),(1224,'b7eed7e8-8c1f-473f-b2ff-ff61dfb18648',NULL,NULL),(1225,'d31c8de1-adef-4a0b-95c6-b5484ae4c57f',NULL,NULL),(1226,'9681b817-f477-441e-befc-1c76416fe68d',NULL,NULL),(1227,'5e4208cb-e964-494b-a53f-86131aa5278f',NULL,NULL),(1228,'595df410-46fc-4f4b-af00-9b89a9bbf7f8',NULL,NULL),(1229,'792b5ec2-d400-4865-912e-039dfbda54a5',NULL,NULL),(1230,'cf861308-d781-4f80-9ba5-12d918892e42',NULL,NULL),(1231,'dd6ee6fd-b585-4d91-80d4-f10a5790fdc8',NULL,NULL),(1232,'1fb72f2c-19e6-4cf3-be61-2091fa03dc43',NULL,NULL),(1233,'b0da58d1-f9fb-4ddc-b16f-f53e981d6104',NULL,NULL),(1234,'c0896f7c-4062-48c4-88ac-4473bdf9482a',NULL,NULL),(1235,'02ea0235-5412-44fd-95fc-b7a0d9fdd4c4',NULL,NULL),(1236,'ee2dc0b6-1cf9-43d1-8d9e-7246d206760f',NULL,NULL),(1237,'8de534a3-cdcb-4525-a126-2d32f3c20f82',NULL,NULL),(1238,'ae3c19b2-085c-4772-bac6-ac9434a93ab9',NULL,NULL),(1239,'7afa63c5-f963-4602-add5-ca9474f9a87c',NULL,NULL),(1240,'78a9a2f6-5190-48e1-96b0-4cd6f842922d',NULL,NULL),(1241,'41378a7a-c22c-4930-b4b3-aca4a2747cd3',NULL,NULL),(1242,'2a8954ab-96e0-4eb2-bd7e-d422a5d5f28e',NULL,NULL),(1243,'9ec14708-137e-486a-b172-d8b8aeff63df',NULL,NULL),(1244,'3b5a4ee9-baeb-4bc5-bf30-39b78c2656c1',NULL,NULL),(1245,'09adc564-3a31-4af8-977f-72ebc724cf3d',NULL,NULL),(1246,'575894f5-f39f-4fde-9930-7d8457ecc398',NULL,NULL),(1247,'390f7f4a-aa46-43c8-a835-b971a4a068f8',NULL,NULL),(1248,'d7a70283-aa07-4e96-b0c2-02ec9e996ae4',NULL,NULL),(1249,'d7228dac-0e65-4d6a-be13-052109784c22',NULL,NULL),(1250,'ef513010-d67a-4fdf-a5fc-58a55d39191b',NULL,NULL),(1251,'217948ee-5020-45ef-9d29-215e1c65a1a5',NULL,NULL),(1252,'121b3584-7b20-41b7-ab58-4be6e5c490ed',NULL,NULL),(1253,'ddcf8710-84ea-4398-bfd5-8f91ee8748fa',NULL,NULL),(1254,'1f7c420c-3c3f-4187-94f9-6351f74da402',NULL,NULL),(1255,'68bf7e36-2cbc-4b3d-a985-de3db4258be1',NULL,NULL),(1256,'cf12aace-fd52-40b5-ae99-4762ed707e48',NULL,NULL),(1257,'8a20bc43-f48a-426b-b56d-c4eefd72f3f1',NULL,NULL),(1258,'abce767c-0114-497c-b22e-fe9bdc21071a',NULL,NULL),(1259,'d79df0c5-7b1f-4d11-911d-0f6955ee3ccf',NULL,NULL),(1260,'39bb8b02-4c30-4b3d-9cbd-a919b7a17459',NULL,NULL),(1261,'159c35cd-11e0-45ab-b479-500fb656d1c0',NULL,NULL),(1262,'2b5f411d-567c-4ca8-b788-2f7aef23d36e',NULL,NULL),(1263,'20459036-7ae1-49a5-a323-da63ca14957f',NULL,NULL),(1264,'1fee882d-c8dc-4627-a0dd-b01479fdd462',NULL,NULL),(1265,'6548fa20-64c9-4022-88dc-9f8d34d1701d',NULL,NULL),(1266,'620c0137-0d2d-4009-ad94-12db94091321',NULL,NULL),(1267,'9542e07b-c8ba-4476-9809-ab27ea61af44',NULL,NULL),(1268,'4e5f04af-ec22-4529-ac37-ac9da9ae66db',NULL,NULL),(1269,'09223b9c-4277-4edb-9d91-30f0c360f264',NULL,NULL),(1270,'f9707730-b68f-4b6b-a373-0d022042817b',NULL,NULL),(1271,'c0800b6d-742d-420f-8bc4-e99b8be0b6ed',NULL,NULL),(1272,'8d33ad64-9099-48e5-8c33-19f41f8f4f7a',NULL,NULL),(1273,'f5ff8790-59b1-4fc7-9d5c-262d6063fa11',NULL,NULL),(1274,'ea977801-9e5f-4c9c-b645-73884fc027c1',NULL,NULL),(1275,'e07bde81-5665-4f71-a9b8-428200c4fd34',NULL,NULL),(1276,'e5a73dba-2d22-4dcc-a392-6a728c67e934',NULL,NULL),(1277,'da170bc9-8a0c-4e1b-a0e2-7a7af6526fd3',NULL,NULL),(1278,'d7d2d474-66cc-4e47-bfbf-a8b22448b150',NULL,NULL),(1279,'64ee015f-a861-46b2-8f4c-cfc579775fe2',NULL,NULL),(1280,'af77dbc9-b0d0-465b-a019-b6c9760ae6ed',NULL,NULL),(1281,'efed3599-5e91-4292-8dde-7fe413da036f',NULL,NULL),(1282,'8e8f2adc-6a6c-419e-9463-c7bdb97bf2e3',NULL,NULL),(1283,'3fce316d-f281-48c1-a2c0-2615f062bf7b',NULL,NULL),(1284,'46cd48d8-a0a8-4f73-a23b-b4be1682307a',NULL,NULL),(1285,'aa51ab9b-51b7-47d5-9553-3a9f96ef6cbc',NULL,NULL),(1286,'f7b4bbe7-6203-4a50-aa82-5708c82441df',NULL,NULL),(1287,'f2e39a39-2802-493f-bca8-739852f99d6f',NULL,NULL),(1288,'206956e8-e791-44eb-bc10-c843bca74557',NULL,NULL),(1289,'7b7fa616-ce85-4899-8afd-90e202ae2ca3',NULL,NULL),(1290,'f36648ca-a270-4ef5-af61-b7f6c7b79ae4',NULL,NULL),(1291,'81b93e0b-a880-45e4-8744-469a0d816ee2',NULL,NULL),(1292,'4badfdf3-0b4f-4491-a4b8-ca3393c0c5dc',NULL,NULL),(1294,'d4f765e1-2762-4a06-bfda-117c8fc8a502',NULL,NULL),(1295,'25bb5a8c-be2e-4998-929a-aab06b50bfb5',NULL,NULL),(1296,'db7357af-d0e7-4516-86f4-26a7ca870972',NULL,NULL),(1297,'61b88362-dc5e-4a03-8231-d5bb7ca45d0d',NULL,NULL),(1298,'36635334-63fb-472f-adc1-f9a2a550b01d',NULL,NULL),(1299,'90cb84ca-439b-4c00-aea1-0bf6dcdcc2d8',NULL,NULL),(1300,'d6c8bcc3-39cc-4ab5-80e1-37cb0d7cec61',NULL,NULL),(1301,'f9ea3c84-4b07-421c-986e-d13fe8515dc4',NULL,NULL),(1302,'453db9c4-206d-41a6-9c5f-3950b6e6d2e7',NULL,NULL),(1303,'1645bff9-8f8b-4af6-a194-75968a281315',NULL,NULL),(1304,'cacd8624-08cd-4d66-8361-11891c3991c9',NULL,NULL),(1305,'74ffe804-aeb9-4ce7-852f-fb78e1d8c458',NULL,NULL),(1306,'8bc7c5be-5bdc-4223-8993-39bde1550dce',NULL,NULL),(1307,'f1e2678d-3638-4e33-8f7f-19b91625482a',NULL,NULL),(1308,'f0acd38e-f275-4270-8064-0ff7e87cf7c9',NULL,NULL),(1309,'60099e94-9b60-42cd-8514-ff1d02f51389',NULL,NULL),(1310,'d2a593b6-6f9b-4acd-a741-5e2659d6aef9',NULL,NULL),(1311,'d19d6ab6-6eb3-491f-9f43-b5522dcd87b1',NULL,NULL),(1312,'c1cd41c4-8f5c-440e-ad6b-c81ad54b8a12',NULL,NULL),(1313,'f0a587d4-5751-4dcc-8164-a1d1e0d1f5da',NULL,NULL),(1314,'16d9107f-0ef0-454e-9c00-ce5bacee2b68',NULL,NULL),(1315,'80ee6a77-9bf6-4a96-9560-12ad267edfed',NULL,NULL),(1316,'993ceef8-4ab5-4e37-8af2-59c0d9492ac2',NULL,NULL),(1317,'476e36f3-dd39-416a-9f40-6baeeec06824',NULL,NULL),(1318,'194cffff-ce74-4831-88c2-fe253e5c236d',NULL,NULL),(1319,'d276f1f1-90ac-4f2f-afee-e8546f6a461a',NULL,NULL),(1320,'bbae7164-8842-499c-aaa2-bd3d41dbae78',NULL,NULL),(1321,'037d547a-a79c-4001-b27a-8a6f122eeb51',NULL,NULL),(1322,'84b64410-55ed-4a0e-bed7-da7fcb9c47a2',NULL,NULL),(1323,'bd5eea9b-182c-41a9-94f5-d3930e3a12fe',NULL,NULL),(1324,'22a0b965-e3c3-47ff-b12d-e772114849be',NULL,NULL),(1325,'dd90e723-9344-4461-8b01-984a0c5db72b',NULL,NULL),(1326,'4d49bd08-c2f5-48ca-8091-86f6919523b3',NULL,NULL),(1327,'4ac9d342-3b9d-4787-b118-561f9899bd22',NULL,NULL),(1328,'109969e1-44c2-4f75-ad63-8e866d35ba23',NULL,NULL),(1329,'eefe6aa8-8efe-48e1-b00c-b36766b7c1a1',NULL,NULL),(1330,'995b03f5-f02e-43f3-9325-96e391f86039',NULL,NULL),(1331,'43dd79e7-5477-4f00-9ebb-c4c5978d1a58',NULL,NULL),(1332,'5fb250c5-5ffa-4503-9a80-055a69120d15',NULL,NULL),(1333,'263b0d72-0530-46b6-8084-74ee381cda3e',NULL,NULL),(1334,'23b0bfa3-c9f3-4c4c-9c74-61a58c9867be',NULL,NULL),(1335,'fc11b4fe-915e-414b-9eec-7c00c45e76be',NULL,NULL),(1336,'ae0ca97c-d613-4a82-a86a-85479fa4e701',NULL,NULL),(1337,'c23794a0-cdbb-4279-8aaa-0b79409256ef',NULL,NULL),(1338,'7fb11c20-e014-4f5f-9b6e-f7d7f34e69f4',NULL,NULL),(1339,'6a68ab65-43d4-4d6c-ae74-42115109d988',NULL,NULL),(1340,'b5081ee7-6399-4c0b-8afa-ab7940f74b1d',NULL,NULL),(1341,'ce75c974-0a5a-44c7-9807-f97834adbe89',NULL,NULL),(1342,'e9c41e41-be86-47b5-b9d2-21795a174622',NULL,NULL),(1343,'96d52818-deee-46a5-9375-928add8c9830',NULL,NULL),(1344,'4699783c-8556-4624-921d-1bbe4faacd26',NULL,NULL),(1345,'762d8623-a23f-4304-884e-85df27076d7f',NULL,NULL),(1346,'1d38e08a-ad52-4b29-84ed-7861536e3411',NULL,NULL),(1347,'6b7198d5-4a7d-444f-890f-cb105f7aafa7',NULL,NULL),(1348,'3c6aaad8-35c0-4816-98e8-a88025786c48',NULL,NULL),(1349,'0fef6070-c635-4900-9cb7-bb522d7b75db',NULL,NULL),(1350,'28bfb76b-72fd-4ce2-89cb-fd23744f7235',NULL,NULL),(1351,'9b771f50-97ef-47d9-a12f-a7899d57acf2',NULL,NULL),(1352,'65eae82f-5338-4496-99e0-fcbda7bea578',NULL,NULL),(1353,'1e2e0211-5228-49af-ac28-a2ba4d49f35c',NULL,NULL),(1354,'7a51d291-4d8d-4f19-82fe-e84864102b62',NULL,NULL),(1355,'f49abeaf-878b-4724-98b4-7a04f5c663b6',NULL,NULL),(1356,'2239ce99-d055-4e47-9157-0b2171903322',NULL,NULL),(1357,'56dae590-8828-4f11-b8c4-f91098409d0a',NULL,NULL),(1358,'c1e09b4d-8912-4783-8399-1b361676c6d7',NULL,NULL),(1359,'2fe8763a-83b5-45db-9d42-09b75d090fcc',NULL,NULL),(1360,'9d569b64-d09b-428c-8822-dd37c443aa98',NULL,NULL),(1361,'51f5e965-f12b-45ce-bca4-61676a66e67d',NULL,NULL),(1362,'ab4af260-6d28-49b1-8bdd-a894b3a6ba64',NULL,NULL),(1363,'d9f94df2-6c59-4050-8695-29040946f790',NULL,NULL),(1364,'f7012b8c-f176-43c1-ac7d-f1fbc5df1d99',NULL,NULL),(1365,'dd655681-78ef-4537-b4d4-dd7124098a55',NULL,NULL),(1366,'0a20ac34-1368-4249-9570-a87fb4881b1b',NULL,NULL),(1367,'fc17574d-b7f1-4c62-a2f3-aaacd4d5117a',NULL,NULL),(1368,'bbedecc3-a6b7-48ce-a7da-ae1524c7882a',NULL,NULL),(1369,'d8532307-dc4e-4f7f-bcd3-42826b0b5086',NULL,NULL),(1370,'90b18b2f-4788-4ac1-ac3c-a42d14f16c29',NULL,NULL),(1371,'193401ee-b7d9-4587-b285-c90a9bb91198',NULL,NULL),(1372,'0d1b4af3-139c-4397-ae6b-5f667db40cbf',NULL,NULL),(1373,'9bf5de1c-c635-454b-ba6f-b51a152d846e',NULL,NULL),(1374,'c386b400-db68-4048-b6c2-05c39076e3ce',NULL,NULL),(1375,'c48f225f-c85f-41ca-ae0e-cb3fcbcaa4b8',NULL,NULL),(1376,'983c13b9-23e3-4bb0-878a-adb98d8d28de',NULL,NULL),(1377,'eef0099b-528e-4b60-8927-3cd6cea0ba4f',NULL,NULL),(1378,'783f3989-20a4-4d6d-b9ed-5682761246f7',NULL,NULL),(1379,'ce975dbc-8b7a-40b2-84f4-9b6c831c62f0',NULL,NULL),(1380,'041a7461-8b0b-4912-a615-e811f6e3005e',NULL,NULL),(1381,'b1ce6f8d-8475-4faf-a2a9-0fbcad00cdc9',NULL,NULL),(1382,'62ae88f2-ce2c-4df8-a766-b1f6bae5e64f',NULL,NULL),(1383,'0b08a7ba-d327-460b-a4eb-6a44a500ca81',NULL,NULL),(1384,'4068a68f-c0e7-4d6c-aeaf-198b0bbe599b',NULL,NULL),(1385,'da90e880-14a9-4cd9-a87e-78cbb54b5563',NULL,NULL),(1386,'387eb2e6-e2bc-43ca-ad6c-2171cf3cd005',NULL,NULL),(1387,'0f8d9a7c-fcd3-47e4-a4f8-c5c754e4fdc4',NULL,NULL),(1388,'806c1993-bc07-4373-b634-73260f4c7491',NULL,NULL),(1389,'138e3aa4-e507-4021-8864-786fa46241f8',NULL,NULL),(1390,'f849176c-723b-4a6d-8502-d5ae5318b2e7',NULL,NULL),(1391,'f091b142-d264-4e04-9661-6d872815a326',NULL,NULL),(1392,'3b008940-96d4-4798-931a-912867b56907',NULL,NULL),(1393,'5a87342f-1875-4d04-b5aa-58336387dc0b',NULL,NULL),(1394,'e9b9f890-c6cc-436b-bc3c-a4ba0d82799b',NULL,NULL),(1395,'acc6b47a-dd6e-4a25-bc53-88f47771aa71',NULL,NULL),(1396,'e4f99221-389a-49ea-8e4b-63b62a17591c',NULL,NULL),(1397,'c0fc7c1e-9961-496b-93f2-01d36df0a01c',NULL,NULL),(1398,'0d588c81-cfce-4bbc-a27f-6ce084ce0b0f',NULL,NULL),(1399,'2a1d1d4a-1197-496f-8baf-f4709122006a',NULL,NULL),(1400,'ca4286c4-b9c2-440b-b2de-aabe55a53a94',NULL,NULL),(1401,'58fb1b6f-507f-4981-8e95-66334db44dec',NULL,NULL),(1402,'83f6036f-fda2-494a-8c65-195ac173d422',NULL,NULL),(1403,'7ae87075-06df-46c3-b979-ed0cb697795b',NULL,NULL),(1404,'68401b42-ff93-4965-ad95-ad730a3b4239',NULL,NULL),(1405,'8e0d62b1-88cf-4159-a8d1-09857b764ba5',NULL,NULL),(1406,'0bc0ddc8-8834-4cb1-93c7-5236e39984e7',NULL,NULL),(1407,'afdb4a8a-ff1f-45f9-a5fb-9b1c59cc62e1',NULL,NULL),(1408,'d89f38ea-51ec-425d-b3da-abe5920132b1',NULL,NULL),(1409,'bbb0d2e4-5376-4b79-9418-86904ed79bf1',NULL,NULL),(1410,'3a651cca-6adf-4e17-a1ac-3fd44111932a',NULL,NULL),(1411,'a86231f3-ee61-44e4-9a05-26157892ae1b',NULL,NULL),(1412,'bdc29c28-1305-42b0-b68d-e237437bc650',NULL,NULL),(1413,'0948eeeb-cd0c-4c59-9503-2486ba736495',NULL,NULL),(1414,'bf400409-339b-42cc-a0f0-6e165fa61c09',NULL,NULL),(1415,'dddee0db-bf41-4d21-ae82-97faee7f860f',NULL,NULL),(1416,'383954f5-d777-4f68-a841-b1a04dcb59ee',NULL,NULL),(1417,'4d4e1363-128c-467e-9f6d-49a03f6128ba',NULL,NULL),(1418,'4a9cf346-d5fc-4730-b8b8-efcbfde4ac0a',NULL,NULL),(1419,'58ff89d3-b391-4f78-ab1c-54de121495e3',NULL,NULL),(1420,'7aa04f4b-414c-40f6-a29f-a13f22f4eb62',NULL,NULL),(1422,'c392744d-3836-4f36-acdb-7926e716bcc5',NULL,NULL),(1423,'8fafba5a-043f-479f-8813-2f2d3e4e6fc0',NULL,NULL),(1424,'e6e7dc57-18a5-4f62-b668-de486620362b',NULL,NULL),(1425,'4c3151ef-ae4d-49a0-a28a-c8e17fe2cdf1',NULL,NULL),(1426,'6e2c49ce-a888-4dff-9db7-bf35f444b132',NULL,NULL),(1427,'b2a4f6e7-f8e8-4e78-a499-7e6efe8ccfa3',NULL,NULL),(1428,'dcbac5e5-558a-4492-89bf-34a438792903',NULL,NULL),(1429,'c97c54b2-b655-4f6b-81cf-0ca70f7f6108',NULL,NULL),(1430,'1a1cf5b4-fcba-458e-9268-5506d6ef504b',NULL,NULL),(1431,'09ae2afb-2a63-4590-82a4-586d8e44fb7d',NULL,NULL),(1432,'da0f6da5-ad3e-4531-a494-7b922c5e8427',NULL,NULL),(1433,'2be96eaa-9bf5-40c6-ae48-239ad839db1a',NULL,NULL),(1434,'32423c7a-9cf8-4f27-9249-0148055feb69',NULL,NULL),(1435,'aaf6485f-7a8b-4ebf-903c-b731c06575cf',NULL,NULL),(1436,'cfb34cd9-9b04-48ab-85d1-a63cf5569418',NULL,NULL),(1437,'f817b69f-7c7b-48bb-bf20-fcb5af4968c2',NULL,NULL),(1438,'d0287536-3875-44d3-8cfa-94a61d8432b6',NULL,NULL),(1439,'2211fd92-6ab1-42ef-a86e-5bf7fe5b683c',NULL,NULL),(1440,'cdec4a3f-2dda-4234-89b7-16fc810daaee',NULL,NULL),(1441,'385ac6ab-0676-4be2-b049-6c0d53657961',NULL,NULL),(1442,'16889692-14db-40fc-b939-cdfdac86abca',NULL,NULL),(1443,'79f1669d-379e-46bd-93be-cb8c0e2599c3',NULL,NULL),(1444,'d83fd252-431e-42d8-b746-8496a510c3dc',NULL,NULL),(1445,'25e82dc5-cdf3-4003-8fdf-74741d50519f',NULL,NULL),(1446,'dbb01cd4-9e02-4a89-ac58-c7b8440143f5',NULL,NULL),(1447,'ab3e055e-dd47-417a-a0d1-7adfdb1cb0f1',NULL,NULL),(1448,'a5dcc14d-b657-44d0-aa46-019e436c6200',NULL,NULL),(1449,'8f239947-1108-440d-83ee-f3acf00777c1',NULL,NULL),(1450,'0793d528-8341-4c82-9010-82e906ce27d9',NULL,NULL),(1451,'fcb6ba3e-eb69-4a31-8a0d-49d0002e2853',NULL,NULL);
/*!40000 ALTER TABLE `dbo_cart` ENABLE KEYS */;
UNLOCK TABLES;

--
-- Table structure for table `dbo_cart_product`
--

DROP TABLE IF EXISTS `dbo_cart_product`;
/*!40101 SET @saved_cs_client     = @@character_set_client */;
/*!50503 SET character_set_client = utf8mb4 */;
CREATE TABLE `dbo_cart_product` (
  `cart_product_id` int NOT NULL AUTO_INCREMENT,
  `cart_id` int DEFAULT NULL,
  `product_entity_id` int DEFAULT NULL,
  `amount` int DEFAULT NULL,
  PRIMARY KEY (`cart_product_id`) USING BTREE
) ENGINE=InnoDB AUTO_INCREMENT=427 DEFAULT CHARSET=utf8 COLLATE=utf8_unicode_ci ROW_FORMAT=DYNAMIC;
/*!40101 SET character_set_client = @saved_cs_client */;

--
-- Dumping data for table `dbo_cart_product`
--

LOCK TABLES `dbo_cart_product` WRITE;
/*!40000 ALTER TABLE `dbo_cart_product` DISABLE KEYS */;
INSERT INTO `dbo_cart_product` VALUES (184,1038,81,6),(186,1064,81,1),(187,1065,81,1),(188,1066,81,1),(189,1067,81,1),(190,1107,81,1),(191,1108,81,1),(192,1109,81,1),(193,1110,81,1),(195,1135,81,1),(196,1136,81,1),(197,1137,81,1),(198,1138,81,1),(200,1150,81,1),(201,1151,81,1),(202,1152,81,1),(203,1153,81,1),(204,1154,81,1),(205,1155,81,1),(206,1156,81,1),(209,1164,81,1),(210,1165,81,1),(211,1166,81,1),(212,1167,81,1),(213,1168,81,1),(214,1169,81,1),(215,1171,81,1),(216,1172,81,1),(217,1173,81,1),(218,1174,81,1),(219,1175,81,1),(220,1176,81,1),(221,1177,81,1),(222,1178,81,1),(223,1179,81,1),(225,1186,81,1),(226,1187,81,1),(227,1188,81,1),(228,1189,81,1),(229,1192,81,1),(230,1193,81,1),(231,1194,81,1),(232,1195,81,1),(233,1196,88,1),(234,1197,81,1),(235,1198,81,1),(236,1199,81,1),(237,1200,81,1),(238,1201,81,1),(239,1202,81,1),(240,1203,81,1),(241,1204,81,1),(242,1205,81,1),(243,1206,81,1),(244,1207,81,1),(245,1208,81,1),(246,1209,81,1),(247,1210,81,1),(248,1211,81,1),(249,1212,81,1),(250,1213,81,1),(251,1196,81,1),(253,1224,81,1),(254,1225,81,1),(255,1226,81,1),(256,1227,81,1),(257,1228,81,1),(258,1229,81,1),(259,1230,81,1),(260,1231,81,1),(261,1232,81,1),(262,1233,81,1),(263,1234,81,1),(264,1235,81,1),(265,1236,81,1),(266,1237,81,1),(267,1238,81,1),(268,1239,81,1),(269,1240,81,1),(270,1241,81,1),(271,1242,81,1),(272,1243,81,1),(273,1244,81,1),(274,1245,81,1),(275,1246,81,1),(276,1247,81,1),(277,1248,81,1),(278,1249,81,1),(279,1250,81,1),(280,1251,81,1),(281,1252,81,1),(282,1253,81,1),(283,1254,81,1),(284,1255,81,1),(285,1256,81,1),(286,1257,81,1),(287,1258,81,1),(288,1259,81,1),(289,1260,81,1),(290,1261,81,1),(291,1262,81,1),(292,1263,81,1),(293,1264,81,1),(294,1265,81,1),(295,1266,81,1),(296,1267,81,1),(297,1268,81,1),(298,1269,81,1),(299,1270,81,1),(300,1271,81,1),(301,1272,81,1),(302,1273,81,1),(303,1274,81,1),(304,1275,81,1),(305,1276,81,1),(306,1277,81,1),(307,1278,81,1),(308,1279,81,1),(309,1280,81,1),(310,1281,81,1),(311,1282,81,1),(312,1283,81,1),(313,1284,81,1),(314,1285,81,1),(315,1286,81,1),(316,1287,81,1),(317,1288,81,1),(318,1289,81,1),(319,1290,81,1),(320,1291,81,1),(321,1292,81,1),(323,1295,81,1),(324,1296,81,1),(325,1297,81,1),(326,1298,81,1),(327,1299,81,1),(328,1300,81,1),(330,1301,81,1),(331,1302,81,1),(332,1303,81,1),(333,1304,81,1),(334,1305,81,1),(335,1306,81,1),(336,1308,81,1),(337,1309,81,1),(338,1310,81,1),(339,1311,81,1),(340,1312,81,1),(341,1313,81,1),(342,1314,81,1),(343,1315,81,1),(344,1316,81,1),(345,1317,81,1),(346,1318,81,1),(347,1319,81,1),(348,1320,81,1),(349,1321,81,1),(350,1322,81,1),(351,1323,81,1),(352,1324,81,1),(353,1325,81,1),(354,1326,81,1),(355,1327,81,1),(356,1328,81,1),(357,1330,81,1),(358,1331,81,1),(359,1332,81,1),(360,1333,81,1),(361,1334,81,1),(362,1083,85,1),(363,1335,81,1),(364,1336,81,1),(365,1337,81,1),(366,1338,81,1),(367,1339,81,1),(368,1340,81,1),(369,1341,81,1),(370,1342,81,1),(371,1343,81,1),(372,1344,81,1),(373,1345,81,1),(374,1346,81,1),(375,1347,81,1),(376,1348,81,1),(377,1349,81,1),(378,1350,81,1),(379,1351,81,1),(380,1352,81,1),(381,1353,81,1),(382,1354,81,1),(383,1355,81,1),(384,1356,81,1),(385,1357,81,1),(386,1358,81,1),(387,1359,81,1),(388,1360,81,1),(389,1361,81,1),(390,1362,81,1),(391,1363,81,1),(392,1364,81,1),(393,1365,81,1),(394,1366,81,1),(395,1367,81,1),(396,1369,81,1),(397,1370,81,1),(398,1371,81,1),(399,1372,81,1),(400,1373,81,1),(401,1374,81,1),(402,1375,81,1),(403,1377,81,1),(404,1378,81,1),(405,1379,81,1),(406,1380,81,1),(407,1381,81,1),(408,1382,81,1),(409,1383,81,1),(410,1385,81,1),(411,1386,81,1),(412,1387,81,1),(413,1388,81,1),(414,1390,81,1),(415,1389,81,1),(416,1391,81,1),(417,1392,81,1),(418,1393,81,1),(419,1394,81,1),(420,1395,81,1),(421,1419,81,1),(423,1422,81,1),(424,1423,81,1),(425,1424,81,1),(426,1425,81,1);
/*!40000 ALTER TABLE `dbo_cart_product` ENABLE KEYS */;
UNLOCK TABLES;

--
-- Table structure for table `dbo_category`
--

DROP TABLE IF EXISTS `dbo_category`;
/*!40101 SET @saved_cs_client     = @@character_set_client */;
/*!50503 SET character_set_client = utf8mb4 */;
CREATE TABLE `dbo_category` (
  `category_id` int NOT NULL AUTO_INCREMENT,
  `name` varchar(255) CHARACTER SET utf8 COLLATE utf8_unicode_ci DEFAULT NULL,
  `short_desc` varchar(255) CHARACTER SET utf8 COLLATE utf8_unicode_ci DEFAULT NULL,
  `created_date` datetime DEFAULT NULL,
  PRIMARY KEY (`category_id`) USING BTREE
) ENGINE=InnoDB AUTO_INCREMENT=16 DEFAULT CHARSET=utf8 COLLATE=utf8_unicode_ci ROW_FORMAT=DYNAMIC;
/*!40101 SET character_set_client = @saved_cs_client */;

--
-- Dumping data for table `dbo_category`
--

LOCK TABLES `dbo_category` WRITE;
/*!40000 ALTER TABLE `dbo_category` DISABLE KEYS */;
INSERT INTO `dbo_category` VALUES (13,'Cute bear','Stuffed bears with various colors and sizes for children','2020-01-02 13:57:16'),(14,'Gundam','High quality toys not for the poor','2020-01-02 14:00:28'),(15,'Car Toys','Car Toy Figure ','2020-01-02 14:00:58');
/*!40000 ALTER TABLE `dbo_category` ENABLE KEYS */;
UNLOCK TABLES;

--
-- Table structure for table `dbo_color`
--

DROP TABLE IF EXISTS `dbo_color`;
/*!40101 SET @saved_cs_client     = @@character_set_client */;
/*!50503 SET character_set_client = utf8mb4 */;
CREATE TABLE `dbo_color` (
  `color_id` int NOT NULL AUTO_INCREMENT,
  `name` varchar(255) CHARACTER SET utf8 COLLATE utf8_unicode_ci DEFAULT NULL,
  `short_desc` varchar(255) CHARACTER SET utf8 COLLATE utf8_unicode_ci DEFAULT NULL,
  `created_date` datetime DEFAULT NULL,
  PRIMARY KEY (`color_id`) USING BTREE
) ENGINE=InnoDB AUTO_INCREMENT=23 DEFAULT CHARSET=utf8 COLLATE=utf8_unicode_ci ROW_FORMAT=DYNAMIC;
/*!40101 SET character_set_client = @saved_cs_client */;

--
-- Dumping data for table `dbo_color`
--

LOCK TABLES `dbo_color` WRITE;
/*!40000 ALTER TABLE `dbo_color` DISABLE KEYS */;
INSERT INTO `dbo_color` VALUES (16,'Red','red color','2020-01-02 14:01:22'),(17,'Brown','brown color','2020-01-02 14:01:30'),(18,'Black','black color','2020-01-02 14:02:32'),(19,'Pink','pink color','2020-01-02 14:02:40'),(20,'Blue','blue color','2020-01-02 14:02:48'),(21,'Yellow','yellow color','2020-01-02 14:02:57'),(22,'Default','Default color of toy','2020-01-02 15:40:29');
/*!40000 ALTER TABLE `dbo_color` ENABLE KEYS */;
UNLOCK TABLES;

--
-- Table structure for table `dbo_delivery_status`
--

DROP TABLE IF EXISTS `dbo_delivery_status`;
/*!40101 SET @saved_cs_client     = @@character_set_client */;
/*!50503 SET character_set_client = utf8mb4 */;
CREATE TABLE `dbo_delivery_status` (
  `delivery_status_id` int NOT NULL AUTO_INCREMENT,
  `name` varchar(255) CHARACTER SET utf8 COLLATE utf8_unicode_ci DEFAULT NULL,
  PRIMARY KEY (`delivery_status_id`) USING BTREE
) ENGINE=InnoDB AUTO_INCREMENT=5 DEFAULT CHARSET=utf8 COLLATE=utf8_unicode_ci ROW_FORMAT=DYNAMIC;
/*!40101 SET character_set_client = @saved_cs_client */;

--
-- Dumping data for table `dbo_delivery_status`
--

LOCK TABLES `dbo_delivery_status` WRITE;
/*!40000 ALTER TABLE `dbo_delivery_status` DISABLE KEYS */;
INSERT INTO `dbo_delivery_status` VALUES (1,'Processing'),(2,'Shipping'),(3,'Completed'),(4,'Canceled');
/*!40000 ALTER TABLE `dbo_delivery_status` ENABLE KEYS */;
UNLOCK TABLES;

--
-- Table structure for table `dbo_favourite`
--

DROP TABLE IF EXISTS `dbo_favourite`;
/*!40101 SET @saved_cs_client     = @@character_set_client */;
/*!50503 SET character_set_client = utf8mb4 */;
CREATE TABLE `dbo_favourite` (
  `favourite_id` int NOT NULL AUTO_INCREMENT,
  `product_id` int DEFAULT NULL,
  `user_name` varchar(255) CHARACTER SET utf8 COLLATE utf8_unicode_ci DEFAULT NULL,
  `guid` varchar(255) CHARACTER SET utf8 COLLATE utf8_unicode_ci DEFAULT NULL,
  `created_date` datetime DEFAULT NULL,
  PRIMARY KEY (`favourite_id`) USING BTREE
) ENGINE=InnoDB AUTO_INCREMENT=6 DEFAULT CHARSET=utf8 COLLATE=utf8_unicode_ci ROW_FORMAT=DYNAMIC;
/*!40101 SET character_set_client = @saved_cs_client */;

--
-- Dumping data for table `dbo_favourite`
--

LOCK TABLES `dbo_favourite` WRITE;
/*!40000 ALTER TABLE `dbo_favourite` DISABLE KEYS */;
/*!40000 ALTER TABLE `dbo_favourite` ENABLE KEYS */;
UNLOCK TABLES;

--
-- Table structure for table `dbo_message`
--

DROP TABLE IF EXISTS `dbo_message`;
/*!40101 SET @saved_cs_client     = @@character_set_client */;
/*!50503 SET character_set_client = utf8mb4 */;
CREATE TABLE `dbo_message` (
  `message_id` int NOT NULL AUTO_INCREMENT,
  `email` varchar(100) CHARACTER SET utf8 COLLATE utf8_unicode_ci DEFAULT NULL,
  `title` varchar(200) CHARACTER SET utf8 COLLATE utf8_unicode_ci DEFAULT NULL,
  `content` varchar(4000) CHARACTER SET utf8 COLLATE utf8_unicode_ci DEFAULT NULL,
  `status` int DEFAULT NULL,
  `created_date` datetime DEFAULT NULL,
  `trash` int DEFAULT '0',
  `important` int DEFAULT '0',
  `sent` int DEFAULT '0',
  PRIMARY KEY (`message_id`) USING BTREE
) ENGINE=InnoDB AUTO_INCREMENT=36 DEFAULT CHARSET=utf8 COLLATE=utf8_unicode_ci ROW_FORMAT=DYNAMIC;
/*!40101 SET character_set_client = @saved_cs_client */;

--
-- Dumping data for table `dbo_message`
--

LOCK TABLES `dbo_message` WRITE;
/*!40000 ALTER TABLE `dbo_message` DISABLE KEYS */;
INSERT INTO `dbo_message` VALUES (35,'system','Not Enough Amount','Đơn đặt hàng không đủ số lượng trong kho{Mã đơn hàng: 0, Tên khách hàng:\'dao\', Địa chỉ: 133 ngõ 79 Cầu Giay\', Số điện thoại: 012345\', Email: daothily@gmail.com\', Ngày đặt hàng: Tue May 12 04:31:37 ICT 2020}',1,'2020-05-12 04:31:38',0,0,0);
/*!40000 ALTER TABLE `dbo_message` ENABLE KEYS */;
UNLOCK TABLES;

--
-- Table structure for table `dbo_order`
--

DROP TABLE IF EXISTS `dbo_order`;
/*!40101 SET @saved_cs_client     = @@character_set_client */;
/*!50503 SET character_set_client = utf8mb4 */;
CREATE TABLE `dbo_order` (
  `order_id` int NOT NULL AUTO_INCREMENT,
  `user_name` varchar(255) CHARACTER SET utf8mb4 COLLATE utf8mb4_0900_ai_ci DEFAULT NULL,
  `guid` varchar(255) CHARACTER SET utf8mb4 COLLATE utf8mb4_0900_ai_ci DEFAULT NULL,
  `created_date` datetime DEFAULT NULL,
  `customer_name` varchar(255) CHARACTER SET utf8mb4 COLLATE utf8mb4_0900_ai_ci DEFAULT NULL,
  `phone_number` varchar(45) CHARACTER SET utf8mb4 COLLATE utf8mb4_0900_ai_ci DEFAULT NULL,
  `email` varchar(100) CHARACTER SET utf8mb4 COLLATE utf8mb4_0900_ai_ci DEFAULT NULL,
  `address` varchar(255) CHARACTER SET utf8mb4 COLLATE utf8mb4_0900_ai_ci DEFAULT NULL,
  `price` decimal(10,2) DEFAULT NULL,
  `delivery_status_id` int DEFAULT NULL,
  `ship_price` decimal(10,2) DEFAULT NULL,
  `created_date_show` date DEFAULT NULL,
  PRIMARY KEY (`order_id`) USING BTREE
) ENGINE=InnoDB AUTO_INCREMENT=68 DEFAULT CHARSET=utf8mb4 COLLATE=utf8mb4_0900_ai_ci ROW_FORMAT=DYNAMIC;
/*!40101 SET character_set_client = @saved_cs_client */;

--
-- Dumping data for table `dbo_order`
--

LOCK TABLES `dbo_order` WRITE;
/*!40000 ALTER TABLE `dbo_order` DISABLE KEYS */;
INSERT INTO `dbo_order` VALUES (64,NULL,'f45b0399-b984-40d0-8701-2837edde7af3','2020-05-13 12:31:36','Ly','aa','daothily1602@gmail.com','aaa',2500.00,1,49500.00,'2020-05-13'),(65,NULL,'30c06dc2-7e9c-4b76-9e03-bb31c6d0bf52','2020-05-13 18:16:27','Dao1','012345','daothily@gmail.com','133 ngõ 79 Cầu Giay',2500.00,1,49500.00,'2020-05-13'),(66,NULL,'050e602a-c123-4833-8e3b-9de097c22951','2020-05-15 05:48:53','Dao1','012345','daothily@gmail.com','133 ngõ 79 Cầu Giay',2500.00,1,49500.00,'2020-05-15'),(67,NULL,'6df030ed-5b5d-4b47-b18c-07545df81371','2020-05-27 00:07:36','Dao','0356913131','daothily1602@gmail.com','79 Cầu Giấy',250000.00,1,49500.00,'2020-05-27');
/*!40000 ALTER TABLE `dbo_order` ENABLE KEYS */;
UNLOCK TABLES;

--
-- Table structure for table `dbo_order_delivery_status`
--

DROP TABLE IF EXISTS `dbo_order_delivery_status`;
/*!40101 SET @saved_cs_client     = @@character_set_client */;
/*!50503 SET character_set_client = utf8mb4 */;
CREATE TABLE `dbo_order_delivery_status` (
  `order_delivery_status_id` int NOT NULL AUTO_INCREMENT,
  `order_id` int DEFAULT NULL,
  `created_date` datetime DEFAULT NULL,
  `delivery_status_id` int DEFAULT NULL,
  PRIMARY KEY (`order_delivery_status_id`) USING BTREE
) ENGINE=InnoDB AUTO_INCREMENT=80 DEFAULT CHARSET=utf8mb4 COLLATE=utf8mb4_0900_ai_ci ROW_FORMAT=DYNAMIC;
/*!40101 SET character_set_client = @saved_cs_client */;

--
-- Dumping data for table `dbo_order_delivery_status`
--

LOCK TABLES `dbo_order_delivery_status` WRITE;
/*!40000 ALTER TABLE `dbo_order_delivery_status` DISABLE KEYS */;
INSERT INTO `dbo_order_delivery_status` VALUES (76,64,'2020-05-13 12:31:36',1),(77,65,'2020-05-13 18:16:27',1),(78,66,'2020-05-15 05:48:54',1),(79,67,'2020-05-27 00:07:36',1);
/*!40000 ALTER TABLE `dbo_order_delivery_status` ENABLE KEYS */;
UNLOCK TABLES;

--
-- Table structure for table `dbo_order_product`
--

DROP TABLE IF EXISTS `dbo_order_product`;
/*!40101 SET @saved_cs_client     = @@character_set_client */;
/*!50503 SET character_set_client = utf8mb4 */;
CREATE TABLE `dbo_order_product` (
  `order_product_id` int NOT NULL AUTO_INCREMENT,
  `order_id` int DEFAULT NULL,
  `product_entity_id` int DEFAULT NULL,
  `amount` int DEFAULT NULL,
  `price` decimal(10,2) DEFAULT NULL,
  PRIMARY KEY (`order_product_id`) USING BTREE
) ENGINE=InnoDB AUTO_INCREMENT=92 DEFAULT CHARSET=utf8 COLLATE=utf8_unicode_ci ROW_FORMAT=DYNAMIC;
/*!40101 SET character_set_client = @saved_cs_client */;

--
-- Dumping data for table `dbo_order_product`
--

LOCK TABLES `dbo_order_product` WRITE;
/*!40000 ALTER TABLE `dbo_order_product` DISABLE KEYS */;
INSERT INTO `dbo_order_product` VALUES (88,64,81,1,2500.00),(89,65,81,1,2500.00),(90,66,81,1,2500.00),(91,67,81,1,250000.00);
/*!40000 ALTER TABLE `dbo_order_product` ENABLE KEYS */;
UNLOCK TABLES;

--
-- Table structure for table `dbo_product`
--

DROP TABLE IF EXISTS `dbo_product`;
/*!40101 SET @saved_cs_client     = @@character_set_client */;
/*!50503 SET character_set_client = utf8mb4 */;
CREATE TABLE `dbo_product` (
  `product_id` int NOT NULL AUTO_INCREMENT,
  `name` varchar(255) CHARACTER SET utf8 COLLATE utf8_unicode_ci DEFAULT NULL,
  `short_desc` varchar(255) CHARACTER SET utf8 COLLATE utf8_unicode_ci DEFAULT NULL,
  `main_image` varchar(255) CHARACTER SET utf8 COLLATE utf8_unicode_ci DEFAULT NULL,
  `price` decimal(10,2) DEFAULT NULL,
  `created_date` datetime DEFAULT NULL,
  `category_id` int DEFAULT NULL,
  `supply_id` int DEFAULT NULL,
  `promotion_id` int DEFAULT NULL,
  PRIMARY KEY (`product_id`) USING BTREE
) ENGINE=InnoDB AUTO_INCREMENT=69 DEFAULT CHARSET=utf8 COLLATE=utf8_unicode_ci ROW_FORMAT=DYNAMIC;
/*!40101 SET character_set_client = @saved_cs_client */;

--
-- Dumping data for table `dbo_product`
--

LOCK TABLES `dbo_product` WRITE;
/*!40000 ALTER TABLE `dbo_product` DISABLE KEYS */;
INSERT INTO `dbo_product` VALUES (60,'Baby Doll','Cute and durable','/link/1590514629-babydoll.jpg',200000.00,'2020-05-27 00:37:11',14,18,NULL),(61,'Belle Doll','Designed with fabric','/link/1590514637-belleDoll.jpg',150000.00,'2020-05-27 00:37:19',14,19,NULL),(62,'Car Toy Electric Kids','big and durable','/link/1590514648--Car-Toy-Electric-Kids-Car.jpg',250000.00,'2020-05-27 00:37:29',15,20,NULL),(63,'Ferrai Toy Car','Use battery and can be remote controlled','/link/1590514657-FerrariToyCar.jpg',1200000.00,'2020-05-27 00:37:39',15,18,NULL),(65,'Rastar Battery Operated Toy Car Suspension','Stylish','/link/1590514666-Rastar-Battery-Operated-Toy-Car-Suspension.jpg',400000.00,'2020-05-27 00:37:48',15,18,NULL),(66,'Doraeon','Made of cloth','/link/1590514684-toydoraeon.jpg',230000.00,'2020-05-27 00:38:05',14,20,NULL),(67,'Cute Bear','Made of cloth','/link/1590514693-white.jpg',500000.00,'2020-05-27 00:38:14',13,20,NULL),(68,'Vintage Teddy Bear.','Vintage Teddy Bear','/link/1590514701-vintageTeddyBear.jpg',450000.00,'2020-05-27 00:38:22',13,19,NULL);
/*!40000 ALTER TABLE `dbo_product` ENABLE KEYS */;
UNLOCK TABLES;

--
-- Table structure for table `dbo_product_entity`
--

DROP TABLE IF EXISTS `dbo_product_entity`;
/*!40101 SET @saved_cs_client     = @@character_set_client */;
/*!50503 SET character_set_client = utf8mb4 */;
CREATE TABLE `dbo_product_entity` (
  `product_entity_id` int NOT NULL AUTO_INCREMENT,
  `amount` int DEFAULT NULL,
  `product_id` int DEFAULT NULL,
  `size_id` int DEFAULT NULL,
  `color_id` int DEFAULT NULL,
  PRIMARY KEY (`product_entity_id`) USING BTREE
) ENGINE=InnoDB AUTO_INCREMENT=91 DEFAULT CHARSET=utf8 COLLATE=utf8_unicode_ci ROW_FORMAT=DYNAMIC;
/*!40101 SET character_set_client = @saved_cs_client */;

--
-- Dumping data for table `dbo_product_entity`
--

LOCK TABLES `dbo_product_entity` WRITE;
/*!40000 ALTER TABLE `dbo_product_entity` DISABLE KEYS */;
INSERT INTO `dbo_product_entity` VALUES (73,2,57,11,16),(74,2,58,16,21),(75,4,59,16,20),(76,2,60,11,16),(77,2,60,12,17),(78,2,61,13,19),(79,2,62,14,18),(80,3,63,14,16),(81,96,62,13,17),(83,3,65,14,19),(84,4,66,13,20),(85,7,67,15,17),(86,3,62,14,19),(87,2,61,12,20),(88,2,63,14,17),(89,20,68,12,17),(90,21,68,12,18);
/*!40000 ALTER TABLE `dbo_product_entity` ENABLE KEYS */;
UNLOCK TABLES;

--
-- Table structure for table `dbo_product_image`
--

DROP TABLE IF EXISTS `dbo_product_image`;
/*!40101 SET @saved_cs_client     = @@character_set_client */;
/*!50503 SET character_set_client = utf8mb4 */;
CREATE TABLE `dbo_product_image` (
  `product_image_id` int NOT NULL AUTO_INCREMENT,
  `product_id` int DEFAULT NULL,
  `title` varchar(255) CHARACTER SET utf8 COLLATE utf8_unicode_ci DEFAULT NULL,
  `link` varchar(255) CHARACTER SET utf8 COLLATE utf8_unicode_ci DEFAULT NULL,
  `created_date` datetime DEFAULT NULL,
  PRIMARY KEY (`product_image_id`) USING BTREE
) ENGINE=InnoDB AUTO_INCREMENT=145 DEFAULT CHARSET=utf8 COLLATE=utf8_unicode_ci ROW_FORMAT=DYNAMIC;
/*!40101 SET character_set_client = @saved_cs_client */;

--
-- Dumping data for table `dbo_product_image`
--

LOCK TABLES `dbo_product_image` WRITE;
/*!40000 ALTER TABLE `dbo_product_image` DISABLE KEYS */;
INSERT INTO `dbo_product_image` VALUES (143,60,'','/link/1590514618-babydoll.jpg','2020-05-27 00:37:00'),(144,60,'','/link/1590514618-babydoll.jpg','2020-05-27 00:37:03');
/*!40000 ALTER TABLE `dbo_product_image` ENABLE KEYS */;
UNLOCK TABLES;

--
-- Table structure for table `dbo_promotion`
--

DROP TABLE IF EXISTS `dbo_promotion`;
/*!40101 SET @saved_cs_client     = @@character_set_client */;
/*!50503 SET character_set_client = utf8mb4 */;
CREATE TABLE `dbo_promotion` (
  `promotion_id` int NOT NULL AUTO_INCREMENT,
  `name` varchar(255) CHARACTER SET utf8 COLLATE utf8_unicode_ci DEFAULT NULL,
  `created_date` datetime DEFAULT NULL,
  `short_desc` varchar(255) CHARACTER SET utf8 COLLATE utf8_unicode_ci DEFAULT NULL,
  `discount` decimal(10,2) DEFAULT NULL,
  `begin_date` datetime DEFAULT NULL,
  `end_date` datetime DEFAULT NULL,
  PRIMARY KEY (`promotion_id`) USING BTREE
) ENGINE=InnoDB AUTO_INCREMENT=5 DEFAULT CHARSET=utf8 COLLATE=utf8_unicode_ci ROW_FORMAT=DYNAMIC;
/*!40101 SET character_set_client = @saved_cs_client */;

--
-- Dumping data for table `dbo_promotion`
--

LOCK TABLES `dbo_promotion` WRITE;
/*!40000 ALTER TABLE `dbo_promotion` DISABLE KEYS */;
/*!40000 ALTER TABLE `dbo_promotion` ENABLE KEYS */;
UNLOCK TABLES;

--
-- Table structure for table `dbo_rate`
--

DROP TABLE IF EXISTS `dbo_rate`;
/*!40101 SET @saved_cs_client     = @@character_set_client */;
/*!50503 SET character_set_client = utf8mb4 */;
CREATE TABLE `dbo_rate` (
  `rate_id` int NOT NULL AUTO_INCREMENT,
  `star` int DEFAULT NULL,
  `comment` varchar(1000) CHARACTER SET utf8 COLLATE utf8_unicode_ci DEFAULT NULL,
  `created_date` datetime DEFAULT NULL,
  `product_id` int DEFAULT NULL,
  `user_id` int DEFAULT NULL,
  `parent_id` int DEFAULT NULL,
  PRIMARY KEY (`rate_id`) USING BTREE
) ENGINE=InnoDB AUTO_INCREMENT=35 DEFAULT CHARSET=utf8 COLLATE=utf8_unicode_ci ROW_FORMAT=DYNAMIC;
/*!40101 SET character_set_client = @saved_cs_client */;

--
-- Dumping data for table `dbo_rate`
--

LOCK TABLES `dbo_rate` WRITE;
/*!40000 ALTER TABLE `dbo_rate` DISABLE KEYS */;
/*!40000 ALTER TABLE `dbo_rate` ENABLE KEYS */;
UNLOCK TABLES;

--
-- Table structure for table `dbo_role`
--

DROP TABLE IF EXISTS `dbo_role`;
/*!40101 SET @saved_cs_client     = @@character_set_client */;
/*!50503 SET character_set_client = utf8mb4 */;
CREATE TABLE `dbo_role` (
  `role_id` int NOT NULL AUTO_INCREMENT,
  `name` varchar(100) CHARACTER SET utf8 COLLATE utf8_unicode_ci DEFAULT NULL,
  PRIMARY KEY (`role_id`) USING BTREE
) ENGINE=InnoDB AUTO_INCREMENT=3 DEFAULT CHARSET=utf8 COLLATE=utf8_unicode_ci ROW_FORMAT=DYNAMIC;
/*!40101 SET character_set_client = @saved_cs_client */;

--
-- Dumping data for table `dbo_role`
--

LOCK TABLES `dbo_role` WRITE;
/*!40000 ALTER TABLE `dbo_role` DISABLE KEYS */;
INSERT INTO `dbo_role` VALUES (1,'ROLE_ADMIN'),(2,'ROLE_USER');
/*!40000 ALTER TABLE `dbo_role` ENABLE KEYS */;
UNLOCK TABLES;

--
-- Table structure for table `dbo_size`
--

DROP TABLE IF EXISTS `dbo_size`;
/*!40101 SET @saved_cs_client     = @@character_set_client */;
/*!50503 SET character_set_client = utf8mb4 */;
CREATE TABLE `dbo_size` (
  `size_id` int NOT NULL AUTO_INCREMENT,
  `name` varchar(255) CHARACTER SET utf8 COLLATE utf8_unicode_ci DEFAULT NULL,
  `short_desc` varchar(255) CHARACTER SET utf8 COLLATE utf8_unicode_ci DEFAULT NULL,
  `created_date` datetime DEFAULT NULL,
  PRIMARY KEY (`size_id`) USING BTREE
) ENGINE=InnoDB AUTO_INCREMENT=17 DEFAULT CHARSET=utf8 COLLATE=utf8_unicode_ci ROW_FORMAT=DYNAMIC;
/*!40101 SET character_set_client = @saved_cs_client */;

--
-- Dumping data for table `dbo_size`
--

LOCK TABLES `dbo_size` WRITE;
/*!40000 ALTER TABLE `dbo_size` DISABLE KEYS */;
INSERT INTO `dbo_size` VALUES (11,'S','Small','2020-01-02 13:40:55'),(12,'M','Medium','2020-01-02 13:41:12'),(13,'L','Large','2020-01-02 13:41:21'),(14,'XL','Extra Large','2020-01-02 13:41:31'),(15,'XXL','++ Extra Large','2020-01-02 13:41:41'),(16,'Default','default size of toy','2020-01-02 15:40:16');
/*!40000 ALTER TABLE `dbo_size` ENABLE KEYS */;
UNLOCK TABLES;

--
-- Table structure for table `dbo_supply`
--

DROP TABLE IF EXISTS `dbo_supply`;
/*!40101 SET @saved_cs_client     = @@character_set_client */;
/*!50503 SET character_set_client = utf8mb4 */;
CREATE TABLE `dbo_supply` (
  `supply_id` int NOT NULL AUTO_INCREMENT,
  `name` varchar(255) CHARACTER SET utf8 COLLATE utf8_unicode_ci DEFAULT NULL,
  `short_desc` varchar(255) CHARACTER SET utf8 COLLATE utf8_unicode_ci DEFAULT NULL,
  `created_date` datetime DEFAULT NULL,
  PRIMARY KEY (`supply_id`) USING BTREE
) ENGINE=InnoDB AUTO_INCREMENT=21 DEFAULT CHARSET=utf8 COLLATE=utf8_unicode_ci ROW_FORMAT=DYNAMIC;
/*!40101 SET character_set_client = @saved_cs_client */;

--
-- Dumping data for table `dbo_supply`
--

LOCK TABLES `dbo_supply` WRITE;
/*!40000 ALTER TABLE `dbo_supply` DISABLE KEYS */;
INSERT INTO `dbo_supply` VALUES (18,'Korean','Very cheap','2020-01-02 13:42:39'),(19,'Duncan\'s','Home Alone ref.','2020-01-02 14:04:16'),(20,'Jijia','From China, model from Bandai','2020-01-02 15:41:49');
/*!40000 ALTER TABLE `dbo_supply` ENABLE KEYS */;
UNLOCK TABLES;

--
-- Table structure for table `dbo_user`
--

DROP TABLE IF EXISTS `dbo_user`;
/*!40101 SET @saved_cs_client     = @@character_set_client */;
/*!50503 SET character_set_client = utf8mb4 */;
CREATE TABLE `dbo_user` (
  `user_id` int NOT NULL AUTO_INCREMENT,
  `user_name` varchar(100) CHARACTER SET utf8 COLLATE utf8_unicode_ci NOT NULL,
  `password_hash` varchar(400) CHARACTER SET utf8 COLLATE utf8_unicode_ci NOT NULL,
  `name` varchar(255) CHARACTER SET utf8 COLLATE utf8_unicode_ci DEFAULT NULL,
  `email` varchar(100) CHARACTER SET utf8 COLLATE utf8_unicode_ci DEFAULT NULL,
  `address` varchar(100) CHARACTER SET utf8 COLLATE utf8_unicode_ci DEFAULT NULL,
  `avatar` varchar(255) CHARACTER SET utf8 COLLATE utf8_unicode_ci DEFAULT NULL,
  `gender` int DEFAULT NULL,
  `created_date` datetime DEFAULT NULL,
  `phone_number` varchar(45) CHARACTER SET utf8 COLLATE utf8_unicode_ci DEFAULT NULL,
  `date_of_birth` date DEFAULT NULL,
  `status` int DEFAULT NULL,
  PRIMARY KEY (`user_id`) USING BTREE
) ENGINE=InnoDB AUTO_INCREMENT=130 DEFAULT CHARSET=utf8 COLLATE=utf8_unicode_ci ROW_FORMAT=DYNAMIC;
/*!40101 SET character_set_client = @saved_cs_client */;

--
-- Dumping data for table `dbo_user`
--

LOCK TABLES `dbo_user` WRITE;
/*!40000 ALTER TABLE `dbo_user` DISABLE KEYS */;
INSERT INTO `dbo_user` VALUES (1,'cadang','$2a$10$Ey7rGc5f8E7LiNIGH/FCyeShubzV9jtmZxJpnA4/Tj6.BoadU22NS','Nguyễn Hải Đăng','nonameofthis@gmail.com','Hà Nội','/link/avatar.jpg',1,'2020-01-02 12:30:10','0947739296','2000-01-03',1),(2,'trung','$2a$10$QNJ1fGadiPUKn1OEgjnGfOocIyYtMcWOoxV7PHVavTl5O4wtDVegG','sadsad','trung@gmail.com','dfsdfdsfds',NULL,1,'2019-12-13 18:08:43','21321321321','2019-12-04',1),(126,'DaoThiLy','$2a$10$gJlROxjqXeiZm1OBfqIk/.NM5Wf21GpOmh0R2Yv8Pig1tzjCZvP.C',NULL,'daothily1602@gmail.com',NULL,'/link/avatar.jpg',0,'2020-05-13 11:16:27',NULL,NULL,1),(129,'Dao3','$2a$10$ev9CAFOPj/7FSAE39TI2GOhqoG74HEjvA7l9Zw7cTw1YkfkJuVqrS',NULL,'daothily1602@gmail.com',NULL,'/link/avatar.jpg',0,'2020-05-28 21:39:50',NULL,NULL,1);
/*!40000 ALTER TABLE `dbo_user` ENABLE KEYS */;
UNLOCK TABLES;

--
-- Table structure for table `dbo_user_role`
--

DROP TABLE IF EXISTS `dbo_user_role`;
/*!40101 SET @saved_cs_client     = @@character_set_client */;
/*!50503 SET character_set_client = utf8mb4 */;
CREATE TABLE `dbo_user_role` (
  `user_role_id` int NOT NULL AUTO_INCREMENT,
  `user_id` int DEFAULT NULL,
  `role_id` int DEFAULT NULL,
  PRIMARY KEY (`user_role_id`) USING BTREE
) ENGINE=InnoDB AUTO_INCREMENT=131 DEFAULT CHARSET=utf8 COLLATE=utf8_unicode_ci ROW_FORMAT=DYNAMIC;
/*!40101 SET character_set_client = @saved_cs_client */;

--
-- Dumping data for table `dbo_user_role`
--

LOCK TABLES `dbo_user_role` WRITE;
/*!40000 ALTER TABLE `dbo_user_role` DISABLE KEYS */;
INSERT INTO `dbo_user_role` VALUES (1,1,2),(2,2,1),(127,126,2),(128,127,2),(129,128,2),(130,129,2);
/*!40000 ALTER TABLE `dbo_user_role` ENABLE KEYS */;
UNLOCK TABLES;

--
-- Temporary view structure for view `week`
--

DROP TABLE IF EXISTS `week`;
/*!50001 DROP VIEW IF EXISTS `week`*/;
SET @saved_cs_client     = @@character_set_client;
/*!50503 SET character_set_client = utf8mb4 */;
/*!50001 CREATE VIEW `week` AS SELECT 
 1 AS `mydate`*/;
SET character_set_client = @saved_cs_client;

--
-- Dumping routines for database 'tms_demo1'
--

--
-- Final view structure for view `week`
--

/*!50001 DROP VIEW IF EXISTS `week`*/;
/*!50001 SET @saved_cs_client          = @@character_set_client */;
/*!50001 SET @saved_cs_results         = @@character_set_results */;
/*!50001 SET @saved_col_connection     = @@collation_connection */;
/*!50001 SET character_set_client      = utf8mb4 */;
/*!50001 SET character_set_results     = utf8mb4 */;
/*!50001 SET collation_connection      = utf8mb4_0900_ai_ci */;
/*!50001 CREATE ALGORITHM=UNDEFINED */
/*!50013 DEFINER=`root`@`localhost` SQL SECURITY DEFINER */
/*!50001 VIEW `week` AS select cast(`v`.`selected_date` as date) AS `mydate` from (select ((now() - interval weekday(now()) day) + interval (((((`t4`.`t4` * 10000) + (`t3`.`t3` * 1000)) + (`t2`.`t2` * 100)) + (`t1`.`t1` * 10)) + `t0`.`t0`) day) AS `selected_date` from (((((select 0 AS `t0` union select 1 AS `1` union select 2 AS `2` union select 3 AS `3` union select 4 AS `4` union select 5 AS `5` union select 6 AS `6` union select 7 AS `7` union select 8 AS `8` union select 9 AS `9`) `t0` join (select 0 AS `t1` union select 1 AS `1` union select 2 AS `2` union select 3 AS `3` union select 4 AS `4` union select 5 AS `5` union select 6 AS `6` union select 7 AS `7` union select 8 AS `8` union select 9 AS `9`) `t1`) join (select 0 AS `t2` union select 1 AS `1` union select 2 AS `2` union select 3 AS `3` union select 4 AS `4` union select 5 AS `5` union select 6 AS `6` union select 7 AS `7` union select 8 AS `8` union select 9 AS `9`) `t2`) join (select 0 AS `t3` union select 1 AS `1` union select 2 AS `2` union select 3 AS `3` union select 4 AS `4` union select 5 AS `5` union select 6 AS `6` union select 7 AS `7` union select 8 AS `8` union select 9 AS `9`) `t3`) join (select 0 AS `t4` union select 1 AS `1` union select 2 AS `2` union select 3 AS `3` union select 4 AS `4` union select 5 AS `5` union select 6 AS `6` union select 7 AS `7` union select 8 AS `8` union select 9 AS `9`) `t4`)) `v` where (`v`.`selected_date` between (now() - interval weekday(now()) day) and (now() - interval (weekday(now()) - 6) day)) */;
/*!50001 SET character_set_client      = @saved_cs_client */;
/*!50001 SET character_set_results     = @saved_cs_results */;
/*!50001 SET collation_connection      = @saved_col_connection */;
/*!40103 SET TIME_ZONE=@OLD_TIME_ZONE */;

/*!40101 SET SQL_MODE=@OLD_SQL_MODE */;
/*!40014 SET FOREIGN_KEY_CHECKS=@OLD_FOREIGN_KEY_CHECKS */;
/*!40014 SET UNIQUE_CHECKS=@OLD_UNIQUE_CHECKS */;
/*!40101 SET CHARACTER_SET_CLIENT=@OLD_CHARACTER_SET_CLIENT */;
/*!40101 SET CHARACTER_SET_RESULTS=@OLD_CHARACTER_SET_RESULTS */;
/*!40101 SET COLLATION_CONNECTION=@OLD_COLLATION_CONNECTION */;
/*!40111 SET SQL_NOTES=@OLD_SQL_NOTES */;

-- Dump completed on 2020-05-29  0:02:17
